,0,1,2,3,4,5,6,7,8,9,10,11,12,13,14,15,16,17,18,19,20,21,22,23,24,25,26,27,28,29,30,31,32,33,34
0,0.87225430034944,0.40974356822879854,0.39496492902809244,0.6998354511699789,0.7230322416641428,1.2753566871322244,1.2653332201447554,1.9982116602703968,2.0025590976183882,1.0757284516191608,1.0767465383223382,0.49226163860540995,0.4451078137628042,1.7813365492484448,1.7512545018192123,1.50674642083717,1.5122781312572111,0.9623174460131348,0.968995318422087,0.8137052884053081,0.7916162474101915,0.7098647490055087,0.37249746139801004,0.2854145240010254,0.19428300363873133,0.19499060460376869,0.05818556019518872,0.5111095222254458,0.5042211032341732,0.9997165203094482,0.9819348454475403,0.99962517619133,0.9811195135116577,jumping_jacks,start
1,0.8886822677261108,0.40879926316146803,0.4276733990660007,0.7379932254027389,0.7160144472649187,1.274088136801058,1.2908407450947765,2.045145397978468,2.0380278275395374,1.0740262011223323,1.103336334889616,0.44703027906872783,0.48360912217384583,1.754132453146516,1.805841907842727,1.566495144692811,1.5380584995136009,0.9983093160343547,0.9672312542231182,0.8292997360081873,0.8218032675667774,0.7288747829262452,0.3916785526108322,0.2747127740053757,0.19035272573957585,0.19926772899224818,0.05506385622957955,0.49399382657915225,0.4950452757367886,0.9996941983699799,0.984425961971283,0.9996666312217712,0.9815300107002258,jumping_jacks,start
2,0.9744614609429948,0.5126032634804236,0.49056102978496274,0.7303420137311086,0.7063685972822347,1.3440424290416015,1.3358926504626172,2.0466912644498114,2.0208151341720324,1.0175771037467194,0.9907656207390456,0.5272678560450748,0.5336396842277575,1.8277339499381557,1.8480710214483953,1.5542240401928977,1.5390554696315937,0.9657450511544524,0.9494478682015537,1.0234306641608646,0.9980376966462038,0.7382971242820421,0.40298048047915574,0.2688043936848131,0.17816168704379456,0.23725379823486878,0.05024283565007212,0.49324350577890436,0.48915083945718285,0.9998829066753387,0.9939563870429993,0.9998637735843658,0.9894304871559143,jumping_jacks,start
3,0.9706056321314865,0.5041315239588404,0.5009062467661604,0.7090179786573159,0.7250069558871552,1.3509006007910076,1.3467061443601647,2.0338123336963925,2.0420583740638736,0.9799806100172195,1.0308045118508267,0.5236856843452201,0.5516712250475089,1.8429336363434836,1.851005423106642,1.5587511185717322,1.5438181992814013,0.9534508726258839,0.9492237465038921,1.016868278154709,1.0009536902675111,0.7389264355250126,0.39652850542107876,0.2690922816768782,0.16405093317258002,0.2392787754169901,0.049832711240632446,0.509025200093507,0.5140627011571277,0.9998224973678589,0.9908633530139923,0.9998376667499542,0.9869232177734375,jumping_jacks,start
4,0.9254006047045296,0.6145226296431862,0.5855996095307506,0.9613841191179745,0.8782232684171531,1.3038244903135834,1.3043958478496807,2.0293870813544976,2.0106708314773867,0.953373247218146,0.9400282164182552,0.6793700344378838,0.666284271315953,1.7550557441564043,1.7971323876094816,1.516914179884832,1.5119996559261253,0.9746925646863027,0.9647035433658065,1.7375822317799454,1.195101274616924,0.7029795239024601,0.40474158550647454,0.47051257529687773,0.5329338564009007,0.2996768583742355,0.09177799142390543,0.4980148229380893,0.49742561927982365,0.9996207058429718,0.9976124167442322,0.9995286464691162,0.9974929690361023,jumping_jacks,start
5,0.9201037375256278,0.5663899321737762,0.608589496532952,0.8773279256053287,0.9521690798915328,1.2921828485184124,1.296194156850915,1.9751329367768315,1.9867407754459332,0.9465036031110902,0.966416655545353,0.6563697749692221,0.6679474309749951,1.7839489143897116,1.74767212632651,1.4687769417201972,1.479432086548724,0.9288355785794292,0.9422700515552673,1.7181442005170227,1.1716072343615274,0.6871724336476369,0.391566657918995,0.4738598172205064,0.543094010344536,0.2927401333704868,0.09362767905087807,0.503583940616394,0.5026251058293963,0.9997328519821167,0.9951549172401428,0.9996290802955627,0.9960058331489563,jumping_jacks,start
6,0.8701653466624091,0.5365933241699912,0.5381103214708657,0.9015327643088846,0.8560159183588941,1.260932411550983,1.2381847488482172,1.9573661514432688,1.9733790768677735,0.9694801167807755,0.9552057967317507,0.6425223446518641,0.6311194594005819,1.7512598147465097,1.729773102600146,1.4566541737392737,1.4768500200511747,0.9889606063671034,1.0227109325117651,1.6203633530191464,1.0728933416998234,0.6557326440692016,0.34777399136838566,0.3140481681126594,0.3162788124692503,0.27395863971963846,0.06573578256171984,0.48728751066365655,0.49021760373711226,0.9997874200344086,0.9951024353504181,0.9996402263641357,0.9933778941631317,jumping_jacks,start
7,0.8911135657811404,0.53070441500663,0.5341155938710571,0.8758702760215454,0.8688957104625494,1.2486588795278495,1.2618781192511923,1.9333454419073766,1.9314959106485365,0.9537015364173497,0.948756644617219,0.6539726908194402,0.6353779949128284,1.7390734939538421,1.752875567459693,1.4297816161917247,1.4369084141529458,0.9639144458443514,0.9364269285705995,1.6172312120912058,1.0615571991405657,0.6533939593878022,0.3400097171055408,0.3174964842583501,0.3215575756696849,0.27577253893856335,0.06614344437385787,0.511360000834686,0.5052358270548297,0.9998646080493927,0.9955905973911285,0.9997520446777344,0.995088130235672,jumping_jacks,start
8,0.9277347211163136,0.5797703961694217,0.5573367162698162,0.9434866045335981,0.8919380081116175,1.2769785102670574,1.2952495473000436,1.9317791544586937,1.9638950446353693,1.0053028468763383,1.0017702711397378,0.6180696397139986,0.6352292382537507,1.7399788192763372,1.8021396532418832,1.4378518945245464,1.4690475523661608,0.8754934391212301,0.8890409734448347,1.67240803073332,1.1367576144057459,0.6685231231646626,0.3931416119777909,0.35387017377820273,0.28850337604049997,0.27792546795998707,0.07062017551147225,0.49648516476301435,0.4976334210063836,0.999666303396225,0.9964344501495361,0.9997383952140808,0.996258020401001,jumping_jacks,start
9,0.9420416614987416,0.5773469355386117,0.5884515302489834,0.9139316773903297,0.9611353193766095,1.3156740220835113,1.2959008105212293,1.9852415075004775,1.9430989772359077,1.002960020727922,1.030830159710296,0.6430746337630264,0.6382980055266008,1.8131460498215701,1.764234519640549,1.4928118477876668,1.4474071643706314,0.8884674854935947,0.8955772311377206,1.7089102695825111,1.164821421373499,0.6769724816966616,0.3991715280996192,0.3743400069010022,0.28911321113918587,0.2851418378102526,0.07285096922300384,0.5073919956879837,0.5004188036379832,0.9998285174369812,0.993137389421463,0.9997837841510773,0.9923750460147858,jumping_jacks,start
10,0.8197411355097636,1.002773792972537,1.006679617850214,1.2312878812957782,1.2233121778640579,1.1844734388870024,1.1842145506421367,1.7644445477925266,1.7246546237678904,0.7013991548380445,0.7066817050602989,1.380860201438737,1.380600535082722,1.5846818204246758,1.5843080719391704,1.2433080469257989,1.2002754632476942,0.7982051342273978,0.760834023365317,0.5560463000846223,1.1036959770371793,0.5421470792085852,0.3692863609737341,0.9818145992441835,1.4364076544949402,0.6791781290735359,0.22182034931383854,0.4816595669694415,0.4906149778246933,0.9995035529136658,0.9991521537303925,0.9990927278995514,0.999047189950943,jumping_jacks,end
11,0.7907601896780954,1.0079221700194223,0.9920186541554663,1.2240324378182044,1.2137244122326392,1.1951885480397746,1.2101455940776094,1.7263359934410445,1.7620107328038865,0.6888854691231163,0.7082209099178742,1.371913075141805,1.3780034743599354,1.59953774154147,1.6030160014069998,1.2032775144393626,1.2356539628654042,0.7606256264528085,0.7638114754395282,0.5380779870327561,1.0950133642150501,0.5517824127512376,0.3796401910082048,0.9950436794456595,1.4301824394686689,0.6794492552550374,0.2193019862127862,0.5065997167555609,0.5050110662732433,0.9994500279426575,0.9981721639633179,0.9988683462142944,0.9985429048538208,jumping_jacks,end
12,0.7774766063239822,1.0071657586025002,0.984822441846029,1.1888564779448703,1.1295069742738653,1.1309836193925635,1.144826283719162,1.6563652001981406,1.6425519942597202,0.6917514460905211,0.6435439514339026,1.3866591429811248,1.3799865460750518,1.5207763029976467,1.5689088478191704,1.140161140958051,1.1116940681824192,0.7307739582335292,0.6948081217699617,0.3210302159311705,1.0235798009174506,0.5434372128888626,0.38023353989469144,0.9079651843287708,1.4455062503355227,0.6966178630708324,0.21869681601157892,0.4897417722897833,0.4932742972773015,0.9992619454860687,0.9986553490161896,0.9994347095489502,0.9984230995178223,jumping_jacks,end
13,0.7715875487296259,1.031555745305308,0.9858888785004953,1.1582303007304495,1.2222892532939584,1.1620415384114389,1.1687051238752357,1.7097069313914153,1.7184523110557428,0.6721227905578551,0.7097023327998261,1.4155587722505647,1.372304806754492,1.5690814837416494,1.5717321296888738,1.1838081224759758,1.1946520173818427,0.7529943303913604,0.7502715406442243,0.374156692904416,1.040494927192979,0.5378852401312022,0.3858963940823132,0.9365734485266769,1.4983193357872848,0.69829496656587,0.21708821638530407,0.5016381264639924,0.5029241474060674,0.9994812905788422,0.9988499879837036,0.9995051026344299,0.9992198348045349,jumping_jacks,end
14,0.741118272347506,0.9998969120691539,0.9810791737202273,1.4367367529972108,1.4273270525883806,1.18028626855338,1.1936951485548117,1.8012981202995626,1.7441660175759115,0.8849366896872819,0.8786419843295404,1.3626324203034403,1.3440429771081777,1.6165210705121253,1.632526013215591,1.2828947174127743,1.2168231798710971,0.8513072525158697,0.8375210666929437,1.3711549838768853,1.1713342878566508,0.49610595844376754,0.35767402501625023,0.7389071439424298,1.0896245768282478,0.6536630568850951,0.16747964943788102,0.4928743080284649,0.4985525662254423,0.999615341424942,0.9972199499607086,0.9991776645183563,0.9977118074893951,jumping_jacks,end
15,0.7667973840802008,1.0010361719086276,0.9830138557559865,1.4432791036334647,1.4301803455131432,1.21133072033587,1.1738204234081326,1.8038359131688242,1.7149427350376976,0.8872798769688883,0.8906776574062212,1.3409912214028528,1.3609783083548608,1.6509378626522129,1.6070746179086537,1.2856487933105982,1.18447571211385,0.8400249030845605,0.8367401023278862,1.369764406512356,1.1760785723801341,0.49138135931386706,0.37379238098969025,0.7452263220174691,1.0746713754809554,0.6537033941294008,0.16715034584157365,0.5264590900550505,0.5085986353911404,0.999648243188858,0.9972847104072571,0.9991982579231262,0.997259646654129,jumping_jacks,end
16,0.6972853079825382,1.031668085971222,1.0045535906234466,1.3497472848840117,1.3278529108738595,1.1464174385914767,1.138389080257586,1.6428342976433519,1.6749661522676522,0.8098822189602869,0.8051937767299109,1.4415526591287777,1.4040770964795493,1.5916747720514344,1.571833642169481,1.1244370610537253,1.1554671307706705,0.7245277092190099,0.7723106927254569,0.6778641278414536,0.9760501502036614,0.4975583679633795,0.33631375783933287,0.7135323091887247,1.286778438976475,0.7188930746601566,0.17244879285978612,0.5152384752405627,0.5031631082648234,0.9993734657764435,0.9967284202575684,0.9993318319320679,0.997040867805481,jumping_jacks,end
17,0.7079783029719977,1.010994477390528,1.0212677761178344,1.342385105156664,1.3536067526143778,1.1415859496123884,1.1200782359393369,1.6933819479078716,1.6625222313457455,0.8029985347636621,0.8272869613856395,1.4106692973129273,1.4303970282845189,1.581149785494888,1.5586730172671102,1.1779264253631887,1.1397924834775937,0.7651766863083234,0.7781587287392073,0.6958640856715758,0.9743663583089097,0.5054429351727784,0.33861462427073796,0.7088632500003925,1.292517631381258,0.7184245520151502,0.17420579700741817,0.5081573510400291,0.49960232620437717,0.9993251860141754,0.9975302517414093,0.999110996723175,0.9965754449367523,jumping_jacks,end
18,0.7291817270923319,1.0646179656861876,1.0318456739856527,1.4975496645549433,1.4757358968824104,1.2121338358908091,1.21097831014057,1.8267005299858838,1.8079943847841777,1.0078728682769869,0.9934233169494657,1.5117578519350485,1.4827612125841434,1.6717256632946755,1.6558477613046585,1.311458217889486,1.2851704732546625,0.8721036536287703,0.8497752938107632,0.23670095908284572,0.6254924029221205,0.5126784314113804,0.37144196230031123,0.6157741028299986,0.8385480600896724,0.8247911042132613,0.1351865727587809,0.5160975030678363,0.5052096117779357,0.9970571100711823,0.9932849705219269,0.9969574809074402,0.9952402710914612,jumping_jacks,end
19,0.7345024011351501,1.0313868354723243,1.0356375384785403,1.4736207074218126,1.4761669312215386,1.1880595096559474,1.2009130281910416,1.8393100609513415,1.809107032909409,0.9737525817852999,1.0056727869916275,1.4763447835565202,1.4988529173771563,1.6502762470841548,1.6496073317066748,1.3327121162698483,1.2794423794185603,0.8689317508650956,0.8596751281460877,0.21657296064585047,0.5843355102114577,0.5075786973000692,0.3583190025309684,0.5898551343532153,0.8264699949315806,0.831539917825086,0.13274972255471656,0.500084751407171,0.49844810350697377,0.9952732622623444,0.9914461076259613,0.9965499639511108,0.9941151440143585,jumping_jacks,end
20,0.9867075224373473,0.6839225609663181,0.8542027763971853,1.036318418413834,1.1658172559583675,1.3447740876686984,1.3649546988389727,2.1558194235196773,2.2510101790950903,0.7534059389089512,0.7116717049147466,1.0976860994970536,1.1808170492655015,1.777668456990946,1.9142487073138024,1.6662557440184953,1.7657796754417023,0.9007532978254019,0.9849864106766787,0.1316007916203951,0.17095099484740475,0.17757839001970246,0.09509933935324688,0.07367569341447819,0.10670064547274923,0.9743288170662976,0.9876125445428183,0.44294617357861293,0.21562475066584327,0.9991752207279205,0.6216882839798927,0.9997058510780334,0.9873271882534027,planks,planks
21,0.9632035639699367,0.8521727354711598,0.6732811414209364,1.1215133169864622,1.004784643164414,1.3103750231929985,1.2830408115144352,2.173839470413419,2.043766683324329,0.7045125799670108,0.7322403269158796,1.176106438299515,1.074254550682153,1.8485606613254877,1.730928058415355,1.686717427110125,1.5505788755214616,0.9503217005818118,0.8603900285556996,0.12094403336942411,0.19037687458274904,0.15265579836710913,0.052974461576387584,0.06377872523601116,0.1388906796821412,0.9825547030784185,0.9894144219701958,0.5717195980668225,0.7884958393924468,0.9991567730903625,0.9847092926502228,0.9977419674396515,0.7683593034744263,planks,planks
22,1.007048589867879,0.40885227770999416,0.6484497932004524,0.7448568681986744,0.9076133550155433,1.3252616122148448,1.3706313224893054,2.1008047826072,2.2175578534393274,0.5640575260192523,0.521938940978019,0.7928947910728033,0.9326859912429059,1.7734442395910257,1.923573439250019,1.6044570611420494,1.7155073147478963,0.8799181156635181,0.925629630044552,0.16764014222806642,0.24066903930976113,0.2055937582542355,0.10002493362818947,0.05876060314434147,0.12376108730625021,0.9476870040453641,0.9930080066054737,0.48312344143257785,0.2591835213321916,0.9977552890777588,0.6195305809378624,0.9983716607093811,0.9534445703029633,planks,planks
23,1.0279992387949375,0.7086687754294609,0.4537911880061024,0.9830936578586341,0.7886776829564828,1.3580338755119434,1.3374635285677108,2.26939034111567,2.1294920700869535,0.5842654731323239,0.6029614920946698,0.9957366585016443,0.8614916966094941,1.9156582879487332,1.7800185954276577,1.7800234978374663,1.6205496063815203,0.9858796169863826,0.9237721597066683,0.19564042748644525,0.2609585121250636,0.18505685101153252,0.08423561212522754,0.03555039886093522,0.1461869549647753,0.9514198325720066,0.9946603652187249,0.5084348135093631,0.7406673554750848,0.9996365904808044,0.9756993353366852,0.9986936151981354,0.6641383916139603,planks,planks
24,0.9783284840287281,0.7906810002700018,0.6052207089081811,1.0525589887365092,0.9303009651149106,1.2682189430728013,1.2475848439291517,2.0083016612419984,1.8933245216228207,0.648291280343391,0.6413594471460936,1.1825756999097954,1.0022618168455855,1.8146441107515052,1.6965678243757836,1.5134903654113308,1.4019742836082236,0.7052361726455194,0.6534416533726363,0.12713413274893118,0.1854623964286703,0.11036182034730103,0.007054328978584546,0.020651713335477946,0.11565259355128704,0.9601229710252841,0.00015327074274137646,0.5206270358208628,0.7598072538378395,0.9986610412597656,0.9703311920166016,0.9967316687107086,0.7113433182239532,planks,planks
25,1.0101697656842126,0.6156550847967743,0.8128423602466446,0.953202452499349,1.091105421412086,1.268415226462169,1.2760713707290865,1.9837824688378756,2.0520276559388164,0.6551209312229392,0.6487097889836609,1.0403221091349313,1.183352448692405,1.7197761622815593,1.8178778590225502,1.4938752548672718,1.5617933355347842,0.7192783952367255,0.7621770460457119,0.13854615695486502,0.19751300780690878,0.13185675671038202,0.06084825638487436,0.03457045200077546,0.0742395574501196,0.9606592340913701,0.9932842444205277,0.48878989283128726,0.24046884105529298,0.9986573159694672,0.6898340284824371,0.9995714128017426,0.9910382330417633,planks,planks
26,0.9976194176127539,0.9069692958368305,0.762591949236962,1.175680191787536,1.10551242902599,1.3391808623671546,1.3001843268355082,2.128105003774062,2.011963529168325,0.9370120526343013,0.8403736592696118,1.2226319667650785,1.0864425336750807,1.8569718556747317,1.7807946801181276,1.6425935039975865,1.5077991881620987,1.0463793696019643,0.8940814184522031,0.08010605494047679,0.14609145443129962,0.07050714465884401,0.035128145525554016,0.03900076363149961,0.12077618439102086,0.985587904150087,0.0004487897021777697,0.544820681608454,0.7561765184204432,0.9983518421649933,0.9589455723762512,0.9967391192913055,0.6325316429138184,planks,planks
27,1.0608349074946677,0.8110819519473836,0.9767211103439538,1.1454406436731712,1.2515893083835394,1.390908334962241,1.4103794637454867,2.16695532363548,2.2756107550182927,0.9246908507572205,0.9439179176037586,1.1551431562321288,1.2649803504066457,1.8573401634626852,1.938907073887381,1.6773311889667624,1.7761986691860574,0.9289368787479899,1.0683273883537485,0.11293174775774689,0.171325883701231,0.08013118785557323,0.04774368574914795,0.07832852387692767,0.11949839060464586,0.9887058435636337,0.9868669478696682,0.4770947181495356,0.2525226537019124,0.9977978765964508,0.6222209557890892,0.9989155232906342,0.9821687936782837,planks,planks
28,0.9863495535136471,0.7673579538172643,0.6265420299578898,1.130627251367079,1.0139096853480056,1.2872123791410643,1.2797940158560492,2.0959477664152306,2.0455566390394284,0.6896448848845899,0.6815827666913317,1.1431517370007735,1.025844091444824,1.8161032484374724,1.7459727511749206,1.5966192593011945,1.5599011332990784,0.9326714189700691,0.9081797120970215,0.12314720353627807,0.14835373308426233,0.11494423066838248,0.018130243406463974,0.007560051649923146,0.05041394351474461,0.9798411277616561,0.0004163236036090459,0.5346509353748576,0.7666659694242092,0.9976457953453064,0.9744986295700073,0.9933523833751678,0.728394940495491,planks,planks
29,0.9662672994941397,0.6298378210909479,0.7348956338295601,1.008598315730139,1.1038570771508613,1.2548711697875379,1.2751194251744227,1.9962611809929625,2.045840993298154,0.653798092957526,0.6755959164783012,1.069552723868549,1.0887935943267832,1.747386437610739,1.7745226156030418,1.5103220681322678,1.5460023288276836,0.8389881360486803,0.8672790201797649,0.10935382515806948,0.14763551050514678,0.09866554897122351,0.09125080162608873,0.06491278749046199,0.0694841772316059,0.9979527699841714,0.9877071600550228,0.4686236459725025,0.23531290748525033,0.9982129633426666,0.624089814722538,0.9992770254611969,0.976417750120163,planks,planks
30,1.0339037058275367,0.8135991077685216,0.6090677363734724,1.1019777456915034,0.9617988602569485,1.311834348678916,1.300709139636483,2.12322062762295,2.038519998436719,0.6960068896342756,0.7022126576854458,1.1452758928316182,1.0098408794883755,1.8521280383772114,1.7589993521434828,1.6263753183899599,1.539646109388586,0.9667811291322074,0.8971861147197058,0.14098350546055627,0.20835161116942988,0.13048693604098052,0.060005502684638556,0.020878212169506173,0.08510598148959644,0.9688894287899767,0.9966232623065788,0.4942314854301454,0.7380240603571072,0.9991708993911743,0.9642057120800018,0.9983994960784912,0.6705549955368042,planks,planks
31,1.0377009920968814,0.589931304961482,0.7853241723882305,0.9432148031399268,1.0786610155489824,1.2704276868465,1.2957235687243238,2.0196034544730455,2.095330268615537,0.7128581229517825,0.6687618464150347,0.9778139484210046,1.105504497349297,1.7207222791244585,1.8452712912408809,1.5260277963759292,1.5923088035027384,0.9214699298715997,0.9947733657234065,0.13584135821924478,0.19678201734593784,0.16555935396463964,0.0798244632439479,0.031030642794985897,0.07644702740580847,0.9672240672945861,0.9965387769328911,0.5014586325966377,0.2621903963035589,0.9986299574375153,0.7266797572374344,0.9993858337402344,0.9891498982906342,planks,planks
32,1.0772280242939083,0.6703193355637395,0.49582947269387584,0.9680345385879118,0.8415423057630341,1.3757230926500483,1.3632170870776505,2.220255065585327,2.1721088366294494,0.62088623101808,0.6296709441943124,0.978915032180562,0.8860525380185296,1.9164809848141888,1.8214315287167453,1.7299867387231627,1.6650015292321352,0.9836563779048817,0.9519407941631476,0.1282824517955118,0.17566426238325342,0.11813883470097022,0.07649416874447383,0.05175242349657499,0.05613016151768314,0.9639704723183273,0.9908035155152567,0.5100463443896444,0.735581037633736,0.998815268278122,0.9288750886917114,0.9967627823352814,0.5746684521436691,planks,planks
33,1.0737850052452371,0.4882565380095538,0.6506762084091385,0.8576732148110698,0.9941408094324979,1.390931423664634,1.3852166842345115,2.1848656008277256,2.212629541624364,0.6489689674344401,0.6243149081008678,0.8814002387655034,0.9559265806167205,1.8416989930161913,1.9335024223595763,1.673024901157248,1.7266947638462087,0.9512570378625572,0.9982893830710773,0.13850241572517055,0.1628211755576577,0.1423728529287271,0.08398769735022149,0.05109014510884766,0.03944097743433157,0.9643849817444362,0.9909116343910382,0.49797340569272763,0.26610985882082683,0.9985325932502747,0.6913376599550247,0.9987173676490784,0.9664565920829773,planks,planks
34,0.8930055493359912,0.803336324379817,0.6440213513021351,1.0373429974790982,0.9679610090189675,1.2382628990936797,1.1999953898819289,1.9926051615786309,1.8634028898698034,0.6069731834913799,0.6591039615561859,1.178411270892236,1.0632148258848138,1.7448288478436524,1.6821541142257388,1.488884402791363,1.3886534191761712,0.9399137964794098,0.8599290927410667,0.07426777238871987,0.1909107045229496,0.13086310492328493,0.04507549858136336,0.04176971051984655,0.130634832517796,0.9892642745810452,0.9974657675287831,0.5329064823381269,0.7739776785466516,0.9991697371006012,0.9791437685489655,0.9962267279624939,0.7019050568342209,planks,planks
35,0.8934972715296423,0.6623596742555702,0.7785848274299648,1.01860705303234,1.0537519091318894,1.2231609795864467,1.2823024672741128,1.931294443996672,2.0497227514654295,0.6674244218781741,0.6559596410979748,1.0605585319707163,1.1700887870478043,1.715538354523146,1.7780105256494576,1.4583978334373957,1.5415101520260135,0.8320291573229414,0.8929123746519233,0.05578783146214431,0.1546846486725735,0.06736943636431504,0.037421411906344494,0.06038558946593233,0.11859697458026673,0.9976539366286037,0.004014588308480576,0.45182718585638276,0.22359614411205816,0.9988545477390289,0.747566819190979,0.9994434714317322,0.9891896545886993,planks,planks
36,0.9137061910182587,0.4897980228204517,0.8233101729848699,0.8496911964018607,1.0079536260976711,1.4091100321945298,1.397170687490581,2.289855730560002,2.307760976027473,0.704402091930124,0.5698104041182237,0.9362636406845836,1.0956711213454677,1.8554909086312599,1.9502470569725914,1.7747076293408488,1.8284132666284318,1.0106967605192014,1.0391712112861542,0.15827777845836438,0.3373055127021923,0.27351135101956825,0.17371782562386698,0.07000742844927452,0.05133464197258667,0.9384791745733971,0.9878350818948486,0.41706333494760633,0.22932392596335616,0.9978163838386536,0.5927989408373833,0.9987578392028809,0.9289295971393585,planks,planks
37,0.943535176371316,0.8826055876300947,0.5061515190531033,1.04055481910217,0.8771757334226652,1.4460538860350967,1.4388355234417436,2.3823017791240093,2.3573539043854983,0.6506028031617883,0.7486783593902343,1.1244028269038688,0.9322444394079569,2.0051715173084066,1.8754753266576503,1.9122371359047037,1.832191166012163,1.0157344034935853,1.0190931876386804,0.16349693672163068,0.37652390104456884,0.2505114996094802,0.18376575575152995,0.10597284229078588,0.08754810173878216,0.9340095049935601,0.9821875285863878,0.6026369939390115,0.7758263381300513,0.9996073842048645,0.9234645068645477,0.9989084303379059,0.6469271779060364,planks,planks
38,0.9188682587930662,0.7705176599491995,0.6065266554488938,1.0287470545218518,0.9703284193824321,1.238040247935239,1.1831367048452082,1.9822350069207928,1.8640706373307103,0.6095386489035438,0.6685209943848768,1.1434870892827782,1.0173158577893529,1.7489431995555005,1.6637021658725744,1.4783141237782773,1.3881324003491902,0.8786931933224634,0.8272679583539337,0.07241033184039822,0.187500976766238,0.13284300457225973,0.03695788186079337,0.055015839889264354,0.11834241616507685,0.9824840276621986,0.0006747972186927506,0.5413297348252425,0.7754470928571904,0.9996359348297119,0.9827998578548431,0.997744083404541,0.717027872800827,planks,planks
39,0.9429493349259112,0.6245582553075241,0.8026374167652699,1.009363829393459,1.0673267927928587,1.207057159135656,1.2678351352696644,1.9363302234105362,2.0437402630325416,0.6994934002644112,0.6308984708818395,1.0550641125836637,1.1678208310121865,1.6950650605230568,1.7690076458079937,1.4664314700452716,1.5384162189646795,0.8907304293822984,0.917393166163975,0.07338088926638778,0.22685041633068198,0.15107702098414175,0.0629977805522358,0.06082997967237829,0.1075193835482561,0.991543137138825,0.002185483412634249,0.4533609101792496,0.22041000908983888,0.998233824968338,0.6944080293178558,0.9994409084320068,0.9900647103786469,planks,planks
40,0.8529603116886646,0.35228584488198283,0.08457738456731605,0.2516861399116613,0.24053022273805263,1.205345129880592,1.162572064924767,1.958966209034071,1.8501908603383206,0.7585895678555871,0.7227956254821963,0.6772369438762555,0.5931675782300386,1.7134998679767768,1.643897341738518,1.461828382078844,1.3544243122129163,0.8810016049384067,0.819686753033716,0.09850391775053706,0.2910178911498974,0.21116521050093323,0.1649179302209583,0.1755094321043482,0.16600517717130428,0.10240882702387094,0.03898271625681238,0.6037798388122958,0.5564845585990563,0.9998013079166412,0.9956375360488892,0.9981530010700226,0.8787347972393036,lunges,start
41,0.8404871258502574,0.1399334941961309,0.35248916751100573,0.34579372598549357,0.2903508421888203,1.2221025213234296,1.2517496347286974,1.904295882170931,2.013737806331444,0.8256229616603008,0.8005545830379017,0.58467487319834,0.6727449275576961,1.7010538124295371,1.7647211301842272,1.406377453768086,1.5178873177802221,0.8386956057418338,0.8881361759108543,0.10292606304938545,0.21269612773935154,0.1611833401748784,0.1252124142705395,0.13806644777091504,0.17530013033782638,0.06982471274151829,0.02856833681301972,0.38945860980863806,0.44253848274004953,0.9956727623939514,0.799074113368988,0.9988293647766113,0.9913644790649414,lunges,start
42,0.8944283780336406,0.07455938454727735,0.07074498276482628,0.5964118955039202,0.501254929224118,1.3036081941825495,1.2697320589766377,2.02611501098116,1.9378524327497302,1.1000215234672164,0.9951065068430252,0.4376337339179295,0.43609422695627276,1.8095353767708469,1.7606948479194735,1.5233480770200192,1.4432555279324377,0.9057840122822459,0.8464679783086287,0.09522040106874488,0.007550968450650149,0.045269825185044854,0.022011523120186467,0.038721683088687564,0.08834358910859948,0.0012422156161831389,0.0033425315608218947,0.5983267564244259,0.543466244081337,0.9992627501487732,0.9444097280502319,0.99821737408638,0.621203750371933,lunges,start
43,0.8825453320381363,0.05130378046633263,0.06722443857587782,0.48919129788231525,0.5691934196844346,1.2851807798644757,1.3058924691001292,1.9770830674929045,2.0382042488780976,0.9828252063409063,1.0728861710048765,0.43957890252904724,0.4452149010867869,1.7751287674495222,1.8104425761019294,1.4874188290390766,1.5325167913096527,0.8728352243448342,0.9301894193580517,0.10549594315939574,0.01607647728329928,0.042461962845636844,0.06911562768344404,0.021364189105804697,0.06134819858858027,0.9987229043891823,0.9986570154735107,0.4127996413261762,0.4629368815618553,0.9972188770771027,0.6549677699804306,0.9987140893936157,0.9674598276615143,lunges,start
44,0.8753497824567453,0.06695621465228707,0.09363357621513478,0.48720732204255174,0.5456104083248485,1.1902285593076944,1.2519550050536268,1.8764450537960389,1.982119834282775,0.9776836156260382,1.0493492928661587,0.44282956155492353,0.45690933203758366,1.6874004711384432,1.754587807930656,1.3843342290910616,1.4751128861686,0.8455788249635837,0.9285345688419536,0.10903957902279132,0.11899984396035977,0.055126496627949134,0.02573326242945143,0.06354566385742645,0.1083926960751044,0.03404822291091095,0.0030535736229389044,0.3926662985074471,0.44954367015664104,0.9961459636688232,0.6602645814418793,0.9984419047832489,0.9703526794910431,lunges,start
45,0.9176373642385242,0.11268803386077576,0.08250874826408261,0.5703074948820587,0.5002264777153967,1.285635923396941,1.2552081644569666,2.082771009325093,1.9866297479913209,1.0924857980708687,0.9696028907060582,0.4324700522524135,0.42326704010605665,1.8065773045301536,1.7329707116358244,1.5819118730305315,1.4920188618156034,0.9934347448630935,0.9205050572195786,0.12625914837857055,0.12293502051609423,0.11362929133049562,0.11297049912947774,0.048943211692146965,0.09700778243223637,0.03406876170682051,0.007870696691312955,0.603710189888781,0.550840821702399,0.9992609620094299,0.9667589366436005,0.9978381991386414,0.6579073220491409,lunges,start
46,0.801206471695695,0.16294375883989998,0.20884300493402305,0.26672901161235935,0.28572398610261784,1.206703271732014,1.2476224408456076,1.9072892622498088,1.9959585358844032,0.7522694534892381,0.7982264926585216,0.5893057380902731,0.6659992723208016,1.693741673195034,1.7603058598987404,1.4152934941325048,1.489545200204005,0.8551748045174512,0.9095212936715329,0.02733686311547535,0.0538869964060965,0.026470934084683824,0.03598199209423723,0.041973075842559174,0.08888158122710728,0.014132242465249583,0.0019120429100540545,0.3557889727684739,0.4359929535142415,0.9881287217140198,0.6171557009220123,0.9961138069629669,0.9766750335693359,lunges,start
47,0.8219165139916319,0.23679924826189494,0.14578081329537068,0.27519242053555476,0.2707465922500987,1.2566536923797336,1.2134557862223618,2.0220533921676243,1.8955894189266502,0.8055418426101604,0.7416164809754945,0.6634222472143627,0.5959258703154825,1.786838115240214,1.6838747192001708,1.519046654405863,1.3997007282868634,0.8973099644440157,0.8348189885690724,0.005897906183465115,0.09101936851932621,0.0893562858296112,0.03022718854099971,0.04381695887468751,0.1267325317438924,0.03341381621942666,0.9983295365351744,0.63086364802715,0.5609070018630938,0.998450517654419,0.9527361989021301,0.9922095537185669,0.6079900115728378,lunges,start
48,0.9223484545494274,0.42020335350326876,0.0833049334636061,0.2603854112706274,0.22016529234359447,1.3066970512181948,1.2473808391092973,2.0808328417702073,1.9493710620789941,0.7571316749136117,0.6813568713781449,0.7323717731331666,0.5779866156199924,1.8290278700375835,1.7268159823471478,1.5743425294804994,1.4598951360411796,0.9345380935040413,0.885457571303453,0.19615660576275734,0.3733183572718981,0.18867523591692215,0.11116461762540832,0.06531829872715486,0.13194100762035385,0.12304868979321026,0.005592754777503224,0.6027419590492228,0.5531195538217952,0.9992296993732452,0.9669669568538666,0.9950194656848907,0.6146450042724609,lunges,start
49,0.867965842639001,0.1276887075711556,0.40347348572789726,0.24029827528165634,0.27500557753480076,1.1911510547673354,1.2302540341118111,1.8547560143912485,1.9496488050068166,0.7386675550865973,0.7534879050589933,0.6053992794316022,0.7167753493123389,1.6895629869091837,1.7283910004363747,1.361355459487758,1.4479080481412452,0.8491188377301272,0.9212080754399414,0.12694460482080966,0.2893643200093998,0.17075559274413818,0.11185171986365838,0.09442904263978522,0.13784715415120696,0.09387469273343337,0.018791731676562548,0.37627979485156826,0.4475219747550359,0.9884760081768036,0.7538233399391174,0.9971483945846558,0.9855729043483734,lunges,start
50,1.008173464299761,0.21533125546730122,0.07112460434988611,0.28194438805302197,0.27872814511204924,0.9516223650106976,1.2454050911755943,1.4648257969908163,1.5028931575655593,0.7701357373276903,0.7664182535127129,0.6175528840635681,0.5751662492556804,1.278754598965153,1.752384815968859,1.0578691255841302,1.1325868965102046,0.9247090530585395,0.7551828037538547,0.032300947064754566,0.18706714605406535,0.0805273534835019,0.08371559799849222,1.3520578190167492,1.7924705863997543,0.06486878815585666,0.684547605123098,0.5878583712489267,0.5584166374627297,0.9995895326137543,0.9795849323272705,0.9986252784729004,0.948455810546875,lunges,end
51,0.9845488840103085,0.11137434532032932,0.186485164875068,0.29284955146268304,0.27652548840891916,1.2389495091555744,0.9654620074905077,1.5008511297313707,1.4936659545925788,0.80478005733976,0.7566042581456911,0.605684531671787,0.5778756661178583,1.758573288260658,1.2680332398890055,1.134428845520427,1.1214215226783002,0.8368856542075677,0.9831196019431824,0.023548861165431933,0.13523588151339985,0.09038758198414965,0.033761954589311215,1.3431343860869978,1.8117000476951022,0.0396727571345311,0.695309665629375,0.4054254758001786,0.43421618918218646,0.9998968839645386,0.9943926930427551,0.9999862313270569,0.9968280792236328,lunges,end
52,0.8994703108673702,0.07859947905811054,0.07967567420237363,0.5752623893501932,0.47876989029464717,0.9331944149871239,1.196593321813692,1.4865760487025825,1.616037548569218,1.0724249402566803,0.9800322905308043,0.44282917851864007,0.44953058696594544,1.3137225774614174,1.6867407859652648,1.0397638506932816,1.2774404190678954,0.918898977027531,0.7394809067901992,0.09677368975913143,0.0308640287861934,0.01972445553194777,0.018913054128872318,1.117038550688803,1.595565835750167,0.007163376815611739,0.7136579603538964,0.5959491394701938,0.5421026071285224,0.9999110996723175,0.9935809075832367,0.9998708069324493,0.9753615856170654,lunges,end
53,0.9088144314372179,0.04515440377931739,0.08021888962096853,0.46035175087582775,0.5588043464114665,1.2047233617174253,0.9406052233299408,1.6723381496548946,1.5211475435215835,0.9739379779821544,1.0424255953788646,0.463832520743352,0.4322420392057176,1.6975549013120668,1.3089191748161604,1.3180610858326833,1.0532854066508497,0.7674646661302167,0.9536292425651243,0.11688700579975905,0.04398843840036301,0.05332358220850533,0.04642456422894758,1.1616763341894616,1.642163223404969,0.0020210204619781832,0.7027219346065773,0.4044604756825867,0.4602964332176911,0.9998422861099243,0.9834332466125488,0.9999541640281677,0.9963296353816986,lunges,end
54,0.9544946017686669,0.05949757755907181,0.15182702278568444,0.5147361609253417,0.6020793319810609,1.261271565332841,1.0688833362594068,1.6057371532071871,1.6250195459670875,1.0229753132161379,1.0895789440641508,0.4458992171572457,0.4178567582936084,1.766840991019135,1.4711011559223492,1.2331243744126381,1.1589502512413081,0.7540605657029604,0.9235950019828084,0.11038850126206169,0.09697670998716246,0.05192269332208088,0.032871465422432175,1.090266317783423,1.5496538868203145,0.020581972698989592,0.756311008445374,0.38722193565972796,0.45383250766388217,0.9998049437999725,0.9809226393699646,0.9999528527259827,0.9967088103294373,lunges,end
55,0.9546094903628599,0.18351328891364435,0.08028029752688823,0.6390667703280009,0.5294213810877891,1.107919280720715,1.312750946733705,1.674251108352032,1.6173708390203294,1.118985265927494,1.043173475142031,0.389177237375364,0.40994539432570626,1.5222489857229768,1.8301152268495953,1.2176886765731145,1.3026766828885203,0.9522616027597142,0.7515609229670623,0.1579243156748728,0.16542453565653584,0.10294771762983455,0.08577045166318051,1.093086434618807,1.5691472046157282,0.039031781885301,0.7683566944823299,0.6168261896982573,0.5468138325464172,0.9999007880687714,0.9861473441123962,0.9997294843196869,0.964583158493042,lunges,end
56,0.8589152619888568,0.31463514230007483,0.1985498390685331,0.2937245129226058,0.21903382927105694,1.3017981546952817,0.996614068336646,1.5163253833605501,1.5119531587919441,0.7894751148473778,0.7190701258408256,0.661439918162955,0.618570065258254,1.7914861636677628,1.3854559742667212,1.1149324540079335,1.0309250428086205,0.8142268012012396,0.8915831833419663,0.07478861328604765,0.11653347260619311,0.08642423376319172,0.13984128126053372,1.0393639335536957,1.4675722481664908,0.03823832168856759,0.23769785201306373,0.609067127721884,0.5267915527750773,0.9999812841415405,0.9987442493438721,0.9993145763874054,0.9720281362533569,lunges,end
57,0.8403503875033973,0.19241368181587518,0.2818901367932737,0.2603482252212116,0.3040970696872507,0.9737379478959224,1.3001404864883492,1.5112041354332957,1.4991682087866465,0.7539637011014029,0.8076694524163438,0.6126820274651311,0.6487479701614077,1.3739976269185339,1.7971745613104144,1.0343557937563155,1.1071110832766395,0.892839581295213,0.7801383795322091,0.044026057324953724,0.0902637099034429,0.037378973459684585,0.1150488198977737,1.0326062847560624,1.44801222681189,0.030246810830096393,0.24064668213447085,0.3818655359139536,0.4712186782141766,0.9997291266918182,0.9767516851425171,0.9999040961265564,0.9996428191661835,lunges,end
58,0.9151505729517332,0.15428451279936903,0.18733133574980168,0.23879681925313037,0.3137432188665847,1.240898135764814,1.0512704144833371,1.5405451804367305,1.5724449994785192,0.7418731115240615,0.8054694072992766,0.6019067338705324,0.5798143758523018,1.7446276496441468,1.3682467886667833,1.1127262213801947,1.1454240811615954,0.7639261065335377,0.9952747366242148,0.080681754982067,0.06329034450779547,0.012569059890159011,0.08821145989400303,1.2039048291950138,1.6053184196897081,0.012620035926457059,0.7427400406154702,0.39188856131338157,0.43106128570246877,0.9998718202114105,0.9957146048545837,0.9999840259552002,0.9977303743362427,lunges,end
59,0.9120933770904868,0.19998139858853747,0.18561608698483606,0.2604653022558782,0.1613266209083207,1.0130770917308283,1.2147326706124761,1.4862057327137776,1.4587497588726575,0.7617777582747222,0.6589188271170886,0.6209386841396825,0.6113227246718713,1.3416922340110295,1.711368151036903,1.0522063759224565,1.082670288684905,0.9339860241459701,0.7374802602754508,0.10119621541022805,0.02793541609645577,0.006612349486510328,0.03846806778624029,1.174196787730812,1.5478668119730181,0.00605603270241903,0.7356695399278534,0.6150810101644066,0.5665578824098169,0.9998340010643005,0.9861401319503784,0.9987174868583679,0.9714950323104858,lunges,end
60,0.8643870063127493,0.2703356928266885,0.2752920576694163,0.5881663019890956,0.5562567071154629,1.2788283348936882,1.2251034534121477,2.003749541046105,1.9120700153240557,0.44893418169943705,0.3935931311426548,0.6020586568718963,0.6085309083821582,1.7643297663103494,1.7380354023203302,1.4921367321193373,1.4252435464260647,0.9286894436223002,0.8816008579554676,0.03396965837124614,0.06775268488163835,0.04494005522512514,0.0759482540168223,0.08966633449682274,0.10134745499856107,0.008841102034258877,0.015101712123889053,0.6037507911674798,0.5412356111418211,0.9993058145046234,0.9697698056697845,0.9988250732421875,0.7624094784259796,squats,start
61,0.8384303604604929,0.21531973544680147,0.2774279236653042,0.5252854092358684,0.5693716858423262,1.2304672520442261,1.2744832006704463,1.9105226094091166,1.9841112028925731,0.3877155640146756,0.41178711274146984,0.5685584797589411,0.5956695260127506,1.7429595055860228,1.7620023508869551,1.4269386127872095,1.4685330165735857,0.83978672268505,0.8908585005687347,0.04780690174570971,0.07369501176619993,0.02582498945113135,0.03239355090389998,0.046184336994217354,0.07529207698510379,0.9867250122571404,0.002927085827754121,0.3861830263249741,0.4537252192170372,0.9990809857845306,0.7345387786626816,0.9990960657596588,0.9761683940887451,squats,start
62,0.8560854123577903,0.28564425743412425,0.24083523491601513,0.5136166817641183,0.462482689064342,1.312541664186149,1.2463627808196893,2.044036275198238,1.8976417581131777,0.4622148043333136,0.46007181646550127,0.5746430426417847,0.5738765076147317,1.7884939005230405,1.769990860282571,1.5303304061001315,1.4127583987616712,0.9151021349009764,0.823963116088269,0.05609817898941105,0.08582488895109072,0.05198944365038639,0.04862522734172775,0.08452229493868679,0.14897428296503748,0.9974461112727447,0.010427600321781997,0.6178465143243113,0.5436909262749489,0.9996645450592041,0.970707893371582,0.999104768037796,0.7603407800197601,squats,start
63,0.8905263647272637,0.1773295653772469,0.24989814241787978,0.4651354001835555,0.47955932002618157,1.2115094437553717,1.2749188450008988,1.8571845043036588,2.003158362674587,0.3905808495745048,0.42141200619164954,0.5695146492382992,0.5983298575671656,1.7218049026473363,1.7646566689633176,1.3757064785428998,1.4847419235010149,0.8234404681892808,0.9149275207236846,0.061176855824216114,0.10191406200856692,0.030721803562911175,0.05549420863569463,0.08179440236603827,0.15360701540989366,0.9819582776224048,0.0110337619063335,0.39567598719868763,0.4555921453363864,0.9992552399635315,0.783326655626297,0.999549388885498,0.9864700138568878,squats,start
64,0.8651438279577763,0.5770665921451661,0.45743283840542487,0.8152256432505399,0.7475594784980575,1.2375268285914387,1.1818531035844955,1.9732584882978321,1.8392272676636534,0.46479725976714054,0.5164999343711215,0.9065995618518989,0.8403120729611444,1.7187848750524606,1.6957758453237943,1.4671855238609028,1.3613077204483186,1.087224074524016,0.8857147947166804,0.08147469195346962,0.15461608346765082,0.1429431687774555,0.03294124763051022,0.05567728160865836,0.13771080790549295,0.9844814171327749,0.0013882851810217837,0.5891414921856708,0.5671000436219007,0.9996685087680817,0.9902037382125854,0.9989412426948547,0.7900054454803467,squats,start
65,0.9088176052950101,0.4132966790821616,0.5922679410769887,0.7432755470828031,0.8186984617205136,1.1881696477176689,1.2573581095511752,1.8541690195427916,1.9909871685047935,0.5203731525516367,0.47693444598452905,0.8246517213624766,0.9122915635779372,1.7088135209646995,1.7284958632624092,1.3917435387892583,1.4735952634284344,0.8048898053723578,1.0461443648068718,0.08991423396727606,0.25260867933167497,0.14735550080650364,0.06856471688385145,0.07179198022479863,0.14779895392848344,0.9749046006179081,0.9975619184633874,0.4235375894854677,0.4345106353011442,0.994169294834137,0.586002916097641,0.9969589710235596,0.9094403684139252,squats,start
66,0.9382237156225207,0.08619007623575281,0.09987225776534737,0.3875611547197994,0.38629371800161316,1.3195667847237698,1.281374401981333,2.1331252211873046,1.9165498422066336,0.48739407332081747,0.41416650322276216,0.4230566649410146,0.43497370744855746,1.8288253984406184,1.77173500650494,1.6340335891815445,1.4195943341304857,0.9479294977091282,0.8300120320842613,0.021730086706956638,0.03885552882628363,0.05569987262990517,0.01198521495160419,0.03823689378142154,0.21658703129326468,0.010588275056168087,0.9994157771048439,0.5810045264319762,0.5336300324818481,0.9991814494132996,0.946142852306366,0.9983749985694885,0.6707892715930939,squats,start
67,0.94189814139552,0.07983000977134494,0.07693325873470488,0.3719154751316125,0.38880786152557695,1.304718354674483,1.3782918549159762,1.9498003996371867,2.154110633990472,0.42863427450630665,0.4697985443352814,0.4298753363581817,0.43965688748354015,1.8047398200051816,1.8771466582690501,1.4644711076562662,1.6440472122253638,0.7694332073106109,0.9495467267695147,0.024575503509757644,0.032640284650077976,0.0263920753165432,0.03170130088141628,0.0744995916525151,0.20431025353281534,0.008608197111781535,0.001762909198834359,0.4217069372552544,0.46884670351378965,0.9967997670173645,0.6738751232624054,0.998388409614563,0.9348568916320801,squats,start
68,0.8848495845661424,0.06925989561787162,0.1438559082756127,0.28962197071722273,0.33659182644191854,1.1480072951948168,1.2496292362518324,1.7356738703534635,2.0084468729595057,0.66883411696028,0.7356051463824097,0.5267176201610356,0.519633847464581,1.6697774780613421,1.7257069626950847,1.2583067644894974,1.4882937722848935,0.7050775927388774,0.9244016357804512,0.13363736886560043,0.11076096696920701,0.04855619190950533,0.04600253297581992,0.10894740398329814,0.27477890365014324,0.024233223460232045,0.010229565763962752,0.4050179400221619,0.4415910255796121,0.998875617980957,0.7745587825775146,0.9998492896556854,0.9973975121974945,squats,start
69,0.8672272666888656,0.11758140243439501,0.091716395921996,0.35723797404808805,0.2757649326081584,1.2595319366058715,1.1676865859794063,2.02601243669417,1.7640134583166658,0.747652037857896,0.7074994599115956,0.5001874030572324,0.5192650487419037,1.73763982056606,1.6890541240327297,1.5073965167717467,1.2840162021126424,0.9586966046009002,0.7446941063107695,0.09960302761543886,0.06741149445437862,0.07164436791904584,0.041805632658119186,0.09810571503953157,0.26224148345074705,0.004487894211481698,0.008598433828845113,0.6109647569402264,0.5625199407909391,0.999594122171402,0.9835343062877655,0.9970367550849915,0.6974577605724335,squats,start
70,1.040951452602605,0.5869059488120648,0.45773342343427853,0.7001343903102327,0.6219126474585978,0.7537400164735537,0.5843186082276995,1.3729453821209123,1.1920660245868602,0.3983069688046511,0.4230838621448638,0.8517532850881088,0.7981999997480483,0.9702036403257099,0.8972691570550178,0.9655805055664197,0.8955719503403492,0.9128575554188985,0.9469999348143113,0.07951093399013054,0.14629048243050488,0.09102330114659096,0.10106051422092162,0.16972349630158534,0.18089192333319187,0.9837837252416073,0.02664746045642116,0.5206749217714048,0.6040118051710035,0.9999200701713562,0.9960036873817444,0.9995890855789185,0.6921898722648621,squats,end
71,1.007081797592735,0.43198941634276566,0.5133865498488321,0.60506023229769,0.6471201889087609,0.5740407874997571,0.7227778406996354,1.1422516300408774,1.3345220841422627,0.4268897151725034,0.3754433803941365,0.7241883144450744,0.8247584631163936,0.9051371829841097,0.98625327991654,0.8163545045742718,0.9132684843138498,0.8063636818727827,0.8759366447158007,0.051253699030213686,0.10045992274632057,0.06312421849879495,0.1084595464349976,0.1509569300492844,0.19242453056237888,0.9909568828212483,0.029274032110597967,0.47504150158180763,0.4009563754739058,0.9996920526027679,0.6828714907169342,0.9999276399612427,0.9962360858917236,squats,end
72,1.0072630305307497,0.6699513921290274,0.5474260814660223,0.7967086552594066,0.7217968803872686,0.8642951198201102,0.759072095715318,1.4493395074930333,1.25609650809986,0.49309903352603024,0.53852786965732,0.9981919048254017,0.8652732998686701,1.1234098584763743,1.0933802923319997,1.0555191250360294,0.9259840255306642,0.8429580877382882,0.7996554328466198,0.07798527763789921,0.16441859848679652,0.11888452572659913,0.09118828465055547,0.11765046404684772,0.19597835105154687,0.994613801936987,0.02177918679424403,0.5245630220884544,0.5916105504900874,0.9999626278877258,0.9961828887462616,0.9998350441455841,0.7450145035982132,squats,end
73,1.0568224745512655,0.5849751984252579,0.6372186225408144,0.7523828972642346,0.7828520756310332,0.7792414946243927,0.8800122466618726,1.3209521179219836,1.4878868760200756,0.5364972986416008,0.4842074429566676,0.8882755946099671,0.9912852637700328,1.1060011991188508,1.1510635821678081,0.9990269487739135,1.0931008479076005,0.8319978161473017,0.8726355831529671,0.031975056126130184,0.09698087500571016,0.09079347868760727,0.1104555549058498,0.1258882182803316,0.17088816321484399,0.0038370044577092977,0.024651951744716592,0.48850145110770077,0.4106288898551896,0.9994186460971832,0.7242432087659836,0.9996208250522614,0.9949618875980377,squats,end
74,1.083479238046691,0.4179564706378724,0.51924476503645,0.7116831921200638,0.8017016647019709,0.6202638237246761,0.7778677290954682,1.2615218073455965,1.5170540900038803,0.4926561827890547,0.48195802026863976,0.7330608188511706,0.7581101794004537,0.8799398986132699,0.9161075401809212,1.114486398023916,1.2599200980252319,0.8498028654076925,0.9632289136609927,0.10712544780045262,0.1660278266029032,0.12889106230858507,0.08884585810097606,0.16270695890816822,0.2729613139446952,0.9991120726098495,0.024882068624511353,0.49914483992419434,0.35966567685846085,0.9995761513710022,0.6984028220176697,0.9999048113822937,0.9973847270011902,squats,end
75,1.0976080500193022,0.5610850435270115,0.42784724130555735,0.7961814705125372,0.7281074870768529,0.809157697624797,0.6778175759477439,1.6305077830906138,1.3132442923360623,0.5038686925686717,0.5404274144695314,0.7625200057401418,0.6694298678295915,0.979531073891062,0.9394543059929295,1.346523091453475,1.1302661181796645,1.0555959954255878,0.8719056928448051,0.08040703869207885,0.2063409596861925,0.13198849121223402,0.14708866275178192,0.16648890799142851,0.3374308407659927,0.0018573842208132515,0.030872287112430025,0.5032056288694696,0.6377214992717921,0.9999813437461853,0.9989025294780731,0.9998753666877747,0.6798883229494095,squats,end
76,0.9961560463205327,0.747473906756193,0.6699387773082621,0.893835091642607,0.8983889482269418,0.8125663828792178,0.7342144570411541,1.459097666019511,1.237704662178191,0.49861696317239446,0.5233482273296042,1.1443503038704146,0.9886589230627357,1.0695120261135538,1.0613212328844115,1.079985815490693,0.9416895021860319,0.8941711615237206,0.7408747623179102,0.03136911671510326,0.13165580636948496,0.08482546022267029,0.14266792371468578,0.08948858251033666,0.2225563191582055,0.005981217790975797,0.01752678199754222,0.5098948769110888,0.6036431658833844,0.999954342842102,0.9961957335472107,0.9997201561927795,0.7336526066064835,squats,end
77,0.9997161359425005,0.6580482711943352,0.7265287846305144,0.8774671677248336,0.9019591925928142,0.6756970773200281,0.7715607065569245,1.1814639133316864,1.3996215403900139,0.5207934222337343,0.4603672396069543,1.0117688222946155,1.1282562698925946,1.0218789726630935,1.0010280259397195,0.9034530608721624,1.0274711925506366,0.7111131309397019,0.8810318479285225,0.033603019705509066,0.14754022670121092,0.14640541005749041,0.13012400738366908,0.10003089453353452,0.21817311736512263,0.01214223752162253,0.01842644202485549,0.49351112065284475,0.3965013392629632,0.9984399080276489,0.7527624070644379,0.9989902675151825,0.9970506429672241,squats,end
78,1.0018548484347722,0.7406882483528643,0.6668234002551235,0.9226222761994898,0.9240015947311006,0.7506889818696815,0.691776705313038,1.4178652222117873,1.2776979390283538,0.5252920992437696,0.5674783668773065,1.137697211518677,1.0024532275291211,1.0106013955940747,0.9943939088073513,1.0564045158564423,0.9833532571205076,0.90678231018942,0.8482835415752928,0.026148319064303982,0.11734709396723164,0.07382819838252673,0.11383187715743841,0.0772652655472561,0.1450956934574711,0.003555272679923912,0.016570394390338226,0.5127761370036729,0.6036559773395312,0.9998505413532257,0.9898894131183624,0.9995767176151276,0.743082270026207,squats,end
79,0.9968447511789053,0.6793010040462552,0.7326888393530822,0.911596098858145,0.9261175429532733,0.6780677196508688,0.75083711115361,1.2601134155241773,1.4063145369188976,0.5627433456080677,0.4940266941185442,1.0298526568753938,1.1303632857122252,0.97768325904667,1.0034110573103683,0.9765779906309409,1.0534524052051106,0.8647101439820644,0.9071202362306798,0.014527427541609917,0.07383830184504811,0.09226766588767442,0.09200026257051948,0.07835714149706273,0.14683619608548995,0.999678360820483,0.01498662944991206,0.4914004289632682,0.39613835176603746,0.9984420537948608,0.7072595059871674,0.9991945326328278,0.9959090650081635,squats,end
80,0.8186367516784375,0.6949464246235049,0.8614993882842192,0.8110784301296863,0.8813914179513488,1.1095051841173553,1.138066884691299,1.2159039569123424,1.2487349492655013,0.3298367182655262,0.3620616852329183,1.1683188916885816,1.3736886023003427,1.505711060432423,1.6080801002692644,0.734852862410874,0.7306907635893527,1.0134490983469702,1.076793999242417,0.14283491252944372,0.3276663955637627,0.10393343620734687,0.05248519399380503,0.02903114201686832,0.04396079210425982,0.8335907531253814,0.003198735600767241,0.39303851322495703,0.7086335745395484,0.9990330934524536,0.5950400903820992,0.9994301199913025,0.9741940498352051,crunches,start
81,0.8072388687326921,0.8769604196889154,0.7151038241465254,0.8829671897102292,0.8478780893126988,1.12930413564274,1.1265506901044464,1.2376170564737516,1.226049889286129,0.3660122520130805,0.368315740301164,1.3783883277290538,1.1947653000230507,1.6107959357463324,1.5235262151048738,0.7316625799538714,0.7332555171354393,1.04460956982926,0.9575725317338477,0.07758094786656848,0.30155519014232457,0.13279073583958578,0.10257729580775712,0.024278484070715447,0.07698281163623866,0.8554778766789775,0.004867469697512769,0.6115373478632112,0.2884185562067989,0.9972805380821228,0.98915696144104,0.9928094744682312,0.760275810956955,crunches,start
82,0.7915144640341555,0.663882933392556,0.5044640032531903,0.8269612692602104,0.7485181256685823,1.1715177210704688,1.1957251412657501,1.2974329811404195,1.2785718485154218,0.3144841574383852,0.27693476268440603,1.157096036154619,0.9843111087424202,1.6747971586831123,1.5688850396234093,0.7962418481977802,0.7811347215573028,1.1131657319584944,1.0046363114121892,0.1555970117593182,0.2910722233391197,0.17358364152768477,0.1340716210399296,0.03191071465082352,0.12798077437209063,0.6634326488704982,0.002193939648588926,0.6257147537258346,0.29467002691385547,0.9997458457946777,0.9874337613582611,0.9991856515407562,0.7463498264551163,crunches,start
83,0.7876157961718029,0.5665168282670238,0.6971832489484658,0.7846044757918162,0.8102944956627092,1.222218867654967,1.2043262552928102,1.29247906197549,1.3336069674023503,0.33102386887067203,0.2741389087671143,1.0515100732791784,1.1812309675464838,1.5739617383296298,1.7297620371575402,0.7871042141030221,0.8398167154376488,1.03927721949623,1.1112856226367236,0.15264158207468856,0.3221319502959482,0.1982240132841857,0.12216789706989759,0.05205171974190742,0.09986149715947598,0.700997898696948,0.007597537432562037,0.3659660821775152,0.7004006986716412,0.9995688199996948,0.7122786045074463,0.9998775720596313,0.9733678996562958,crunches,start
84,0.7760234761589488,0.9898717508799888,0.7122789679160564,0.8807363722654639,0.8240653244310983,1.0986437026385234,1.136337459988372,1.1143309444768497,1.1087526565287287,0.3563605437695641,0.35254340071261425,1.4919250363971697,1.1795823918171702,1.6009057539948293,1.5051323021294711,0.6061580847412743,0.6172376273532608,0.9837108832051707,0.9109928924509633,0.11648179447759378,0.4324696821820546,0.18629028976734444,0.136704247890167,0.04713786547256964,0.10957790316846555,0.8318392701297125,0.0025185973834417476,0.6371286235057011,0.29576923825491547,0.9986642599105835,0.9920061230659485,0.9959413707256317,0.8528776168823242,crunches,start
85,0.7775634846491237,0.7195438720325149,1.0243088273017538,0.8291334601353298,0.8715776144708657,1.0709989412457908,1.0552867144867892,1.0415959787928846,1.0764878313271864,0.36504279392953676,0.34124463370980207,1.1868579743470047,1.5243067710099532,1.4253384830078912,1.5616116616947924,0.5573969367504344,0.5651093671096455,0.963390954074914,0.9876100715783374,0.10441095761262198,0.47392132522345265,0.19470610698938445,0.14650623355266854,0.05755960820071975,0.07907704108388743,0.82815130784687,0.00966275197557753,0.37230342805218586,0.7058678265504926,0.9995152652263641,0.6186375990509987,0.9997828006744385,0.9695869982242584,crunches,start
86,0.7647747780778181,0.7304756357186453,0.9714806811949542,0.8393203495825996,0.8713628052978427,1.1106456491432681,1.1060109400869529,1.0584177877648613,1.0727982714412998,0.3763975578888159,0.3370818990611232,1.2155682803019192,1.4702939402475421,1.490380639905801,1.6081434511345747,0.5735325706644648,0.5628056621060258,0.9078192305196269,0.951757517341932,0.09121044721404459,0.3420626727884933,0.16085964226391183,0.11319316997182302,0.02457161875144416,0.04832636249093848,0.8849877841599618,0.004414059064254987,0.36655069188139944,0.7043216571123021,0.9996459782123566,0.6449952125549316,0.9997406601905823,0.970633864402771,crunches,start
87,0.7453015151221409,0.9247639028121761,0.6829089665027757,0.9315645561288078,0.8457984741765391,1.0984895281078955,1.102663828294845,1.0538690871798622,1.0419078134341317,0.3987215782161541,0.3808641094201349,1.4297708599679457,1.16202799035407,1.598259051300745,1.4793797688888946,0.5454739984401141,0.5508804884036235,0.945487522177182,0.9091519239331513,0.11478544181840171,0.33968174686251257,0.15698759438886362,0.0932162921830749,0.011065615611132314,0.06477527175362104,0.8555956264619683,0.0016850776378246007,0.6460507231132315,0.2978384786708394,0.9979452788829803,0.9892017841339111,0.9943328201770782,0.7826698124408722,crunches,start
88,0.7968806577334306,0.836720833811722,0.6747706104732877,0.8606029084632999,0.7830785731193033,1.161432851649317,1.1473009431761658,1.5360325571120483,1.4743367018826459,0.32994211964079734,0.3160836694372791,1.3355324292969122,1.1410500358298705,1.6946039102157013,1.5257219698343298,1.0382557683282263,0.975334234761765,1.0659647474758929,0.9977087804472965,0.19724565546315617,0.3203380831567286,0.21886055126890613,0.1508532480211135,0.03973684322104283,0.10221405335047645,0.8292330073529873,0.00834692706289739,0.6439187102938314,0.3122477146812622,0.9995685815811157,0.9822148084640503,0.9981356561183929,0.7481764256954193,crunches,start
89,0.7771357152606362,0.6671475876648817,0.8313915881874556,0.7863535844524492,0.841197716176868,1.1606468758012343,1.1636899464792032,1.4701237864071826,1.54346095103974,0.3199423622610384,0.30282774300184706,1.1304866465299765,1.3299302977707446,1.5465864876031459,1.6962228957986467,0.9763446149588271,1.0398052333775574,1.0136963207693221,1.100354614238237,0.1852821940615685,0.3865219811264671,0.20716541845397604,0.11962382795219088,0.03795389026743184,0.10232748748542425,0.7860682277353928,0.007764137238956128,0.3496823517219202,0.6859199378718929,0.9989207983016968,0.644827738404274,0.9994286894798279,0.9778438210487366,crunches,start
90,0.6174206058552245,0.6789539041573762,0.8870386871680269,0.7765335015764322,0.8759668205417112,1.1432173635413059,1.1231313395065623,1.109555452464989,1.1530499944959258,0.3240296629865337,0.39503966660266127,1.1158323322054193,1.4022300999886181,1.4707047470400028,1.608921111675317,0.6196208533586951,0.6488697316877535,1.0299453992154464,1.068098639010345,0.17018290765753938,0.34736472858655304,0.1819500189459746,0.12822152642568388,0.03954253025677498,0.07488928757593893,0.8447532365058754,0.00441011472698988,0.254286303779971,0.6335991531732629,0.998618870973587,0.5981462150812149,0.99971142411232,0.9642388224601746,crunches,end
91,0.6056110583448158,0.9037068590372244,0.6058551620013104,0.8577070327431895,0.777917761809524,1.1186758402998693,1.1292583927157125,1.1246794708467902,1.0963362501261815,0.361755452119323,0.33895355395241844,1.4126016283101253,1.053164436008395,1.6054360053759562,1.4538779823513417,0.6234118965641768,0.6023802930213403,1.0591162000880685,1.001159127410317,0.14736939271731056,0.37723983761017793,0.17333285851641078,0.10124023173824542,0.016627007651274194,0.07764534683913261,0.8302675301242756,0.0014202558802673515,0.750437839218017,0.3672839580920107,0.9998094439506531,0.9907572269439697,0.9976474046707153,0.6712188422679901,crunches,end
92,0.7301438339249883,0.2853473270809422,0.3808107010019795,0.7688128006436659,0.7332844544096677,1.2372060211268399,1.246494881085544,1.4854392456798948,1.386461341066846,0.40955916050656294,0.27019215434149774,0.8137747628350631,0.7907929644641248,1.7297722438072263,1.5318813176884853,0.9749623864085657,0.9076331801693028,1.2824087506683082,1.1693741481945412,0.14103735088866196,0.16284192535334063,0.2717290353223594,0.15868008341532888,0.07365782452498673,0.1726454165066436,0.08886713005756403,0.01067247372978624,0.6892451102544518,0.3661721099515016,0.9999752640724182,0.9887718856334686,0.9998233020305634,0.6741620600223541,crunches,end
93,0.7139482954339662,0.38938125623769276,0.341550378617839,0.7373640805730433,0.7836603472551682,1.2390586826945036,1.2478471308659642,1.4177959311592703,1.5247279282928237,0.31101478386320364,0.3878860621980733,0.8195903647153193,0.8649263259799023,1.571651349698152,1.6999784726704572,0.9411510140767438,1.0102159423416361,1.1646020012284806,1.2852414740602023,0.09562882199805785,0.06234779420978428,0.1415581813590548,0.1519139472554193,0.047871507492666596,0.15323359096728928,0.03941211190381539,0.00782518302917805,0.2991021022108422,0.6298800971520608,0.9990887641906738,0.7002517133951187,0.9997974038124084,0.9902018904685974,crunches,end
94,0.6711347966044875,0.6226245624387199,0.6699204888200349,0.8875043320441539,0.8672907701709363,1.25534474059454,1.2481608003951734,1.7716542976576666,1.703039757072642,0.4657664651973609,0.3926607250534469,1.1105060636765631,1.031905113688465,1.7236047682955302,1.597190327518228,1.2884934610755978,1.2153436254160268,1.2436822555329434,1.188440740850431,0.13868442122563307,0.15767801673443532,0.1895435566745622,0.13836406034091228,0.04352393527994421,0.09544999399066588,0.9773916263744021,0.007258754271455342,0.7194823242338363,0.3856092969301987,0.9999696612358093,0.9816550314426422,0.9998299777507782,0.608088456094265,crunches,end
95,0.7144700633060127,0.6516618922796207,0.5548744206063438,0.8335415882080539,0.8622439580933897,1.2354730153780418,1.247561123628032,1.6976196239057149,1.7710235538655494,0.37963995900507247,0.4189095597183152,1.0127803242817768,1.0561025442566712,1.5733817918536441,1.7397265087701257,1.2159485291677463,1.2742729241862245,1.2038649313741796,1.2426718679489668,0.18077446035507067,0.22004167347813447,0.2007423906867119,0.11948586945086317,0.06201297067678264,0.08743883653436402,0.9877426924838224,0.010647075987257245,0.28678595645448196,0.6114446113809351,0.9994330108165741,0.7828432023525238,0.9996907711029053,0.9935683310031891,crunches,end
96,0.606805935995066,0.8529679646332677,0.6776640517584274,0.8511746227299194,0.810724180208018,1.1894478908112496,1.2023131044203403,1.2392268956737575,1.2188862531259965,0.3845052872464587,0.3492683070145922,1.3827218506311099,1.0800732088880245,1.668663437842591,1.497368879318233,0.726324605593243,0.7436984732875883,1.1750181770080586,1.0847909302810805,0.12688959860489388,0.26009240602807626,0.21103497123105866,0.1678187949649333,0.04204513817772038,0.14329066139597083,0.8921938197814304,0.005494907084956603,0.7583356597646905,0.38478405466686166,0.9998427331447601,0.9902844130992889,0.9973194599151611,0.6228678151965141,crunches,end
97,0.6080433724820187,0.7784446809435498,0.8904397922810108,0.8242367525903626,0.8886393298734725,1.1942396152529815,1.1793263753649879,1.209078837804991,1.2881497430762225,0.35636201496189396,0.4262752031142253,1.189013467706851,1.4155057872863215,1.4784858120009816,1.6707667121124308,0.7284794664482791,0.7834096914955044,1.0991777145415338,1.1459208470470625,0.10035760284058154,0.24669707847805714,0.23907234213815814,0.15712868952752823,0.05751823479351065,0.10773890029732446,0.9076932415019442,0.007879898580773936,0.23980142857384312,0.6133456118117518,0.9961885809898376,0.5743426233530045,0.9994273483753204,0.9810033142566681,crunches,end
98,0.6956129438409548,0.6784434356712657,0.7172233674292966,0.7892928081307178,0.8383579737255681,1.132002826976779,1.138051672123365,1.2663142046217806,1.2993474990891014,0.3214599260105212,0.35267783955843995,1.1208145164985372,1.2320277610673371,1.477848080687876,1.6046191776072163,0.7780026594590385,0.7917556333649752,1.0965530283204008,1.145275309144962,0.1551786870029329,0.29216342875554635,0.15520861896600752,0.10225181177071307,0.02247679245447567,0.05965833955386538,0.8299952092072671,0.004228090603463698,0.28376621726421375,0.6380586390418029,0.9983270764350891,0.5795359015464783,0.9993382096290588,0.966167688369751,crunches,end
99,0.6814601649637122,0.7075396806604065,0.6153030024948132,0.8120108941552577,0.7544962882242114,1.18620264375246,1.2125593127989929,1.3899584431503864,1.3415098531858767,0.31860401199699123,0.2914377060718451,1.2117163443171906,1.055525476916007,1.6678807552404238,1.5383317484621424,0.8936566675233836,0.8430744347975501,1.1813935741288146,1.1111229955855915,0.16296906890166102,0.37077950755245365,0.1800805358945392,0.12158873358724831,0.05889993456486008,0.11247630751500969,0.7552138688938903,0.006904971421539848,0.7244808132736037,0.3655593706699673,0.9997315108776093,0.9819238483905792,0.9982796013355255,0.6215558648109436,crunches,end
